{
  "scifact": {
    "ndcg@10": 0.8662603633929536,
    "recall@100": 1.0
  },
  "squad": {
    "faithfulness": 0.8666666666666667,
    "answer_relevancy": 0.7541840724391314,
    "context_precision": 0.9733333332405,
    "context_recall": 1.0
  }
}